Link_Text,Links
http://www.hippos.fi,
http://ravimaailma.fi/,'
'
https://www.facebook.com/ravimaailma,
https://www.instagram.com/ravimaailma,
https://www.twitter.com/ravimaailma,
http://ravimaailma.fi/vihjepalvelut/118/,Vihjepalvelut
http://ravimaailma.fi/raviliiga/yleista-raviliigasta/72/,Raviliiga
http://ravimaailma.fi/cg/raviliiga/uutinen,Uutiset
http://ravimaailma.fi/raviliiga/joukkueet-2017/119/,Joukkueet 2017
http://ravimaailma.fi/raviliiga/yleista-raviliigasta/72/,Yleistä Raviliigasta
http://ravimaailma.fi/raviliiga/joukkueet-2014/78/,Joukkueet 2014
http://ravimaailma.fi/raviliiga/joukkueet-2013/97/,JOUKKUEET 2013
http://ravimaailma.fi/raviliiga/lahjakortit/126/,LAHJAKORTIT
http://ravimaailma.fi/raviliiga/tilanne/80/,Tilanne
http://ravimaailma.fi/cg/ennakot-ja-pelivihjeet/22/,Vihjeet
http://ravimaailma.fi/cg/uutinen/2/,Uutiset
http://ravimaailma.fi/edut/61/,Edut
http://ravimaailma.fi/suurkilpailut/17/,Suurkilpailut
http://ravimaailma.fi/suurkilpailut/kuninkuusravit/37/,Kuninkuusravit
http://ravimaailma.fi/suurkilpailut/seinajoki-race/42/,Seinäjoki - Race
http://ravimaailma.fi/suurkilpailut/kymi-gp/41/,Kymi GP
http://ravimaailma.fi/suurkilpailut/kriterium/45/,Kriterium
http://ravimaailma.fi/suurkilpailut/finlandia-ajo/39/,Finlandia-ajo
http://ravimaailma.fi/suurkilpailut/suur-hollola-ajo/44/,Suur-Hollola-ajo
http://ravimaailma.fi/suurkilpailut/st-michel/38/,St Michel
http://ravimaailma.fi/suurkilpailut/nordic-king/43/,Nordic King
http://ravimaailma.fi/suurkilpailut/suurkilpailuvoittajia/103/,Suurkilpailuvoittajia
http://ravimaailma.fi/suurkilpailut/derby/55/,Derby
http://ravimaailma.fi/suurkilpailut/pohjoismaiden-mestaruus/56/,Pohjoismaiden Mestaruus
http://ravimaailma.fi/raviradat/18/,Raviradat
http://ravimaailma.fi/raviradat/joensuu/27/,Joensuu
http://ravimaailma.fi/raviradat/forssa/26/,Forssa
http://ravimaailma.fi/raviradat/kaustinen/31/,Kaustinen
http://ravimaailma.fi/raviradat/kouvola/29/,Kouvola
http://ravimaailma.fi/raviradat/kajaani/87/,Kajaani
http://ravimaailma.fi/raviradat/jyvaskyla/28/,Jyväskylä
http://ravimaailma.fi/raviradat/kuopio/92/,Kuopio
http://ravimaailma.fi/raviradat/lahti/32/,Lahti
http://ravimaailma.fi/raviradat/lappeenranta/33/,Lappeenranta
http://ravimaailma.fi/raviradat/mikkeli/34/,Mikkeli
http://ravimaailma.fi/raviradat/oulu/35/,Oulu
http://ravimaailma.fi/raviradat/pori/22/,Pori
http://ravimaailma.fi/raviradat/seinajoki/93/,Seinäjoki
http://ravimaailma.fi/raviradat/rovaniemi/36/,Rovaniemi
http://ravimaailma.fi/raviradat/teivo/24/,Teivo
http://ravimaailma.fi/raviradat/turku/25/,Turku
http://ravimaailma.fi/raviradat/tornio/114/,Tornio
http://ravimaailma.fi/raviradat/vermo/23/,Vermo
http://ravimaailma.fi/raviradat/ylivieska/88/,Ylivieska
http://ravimaailma.fi/raviradat/kesaradat/94/,Kesäradat
http://ravimaailma.fi/raviurheilu/yleista-raviurheilusta/67/,Raviurheilu
http://ravimaailma.fi/raviurheilu/yleista-raviurheilusta/67/,Yleistä raviurheilusta
http://ravimaailma.fi/raviurheilu/tunnuslukuja/107/,Tunnuslukuja
http://ravimaailma.fi/raviurheilu/hevosenomistajaksi/95/,Hevosenomistajaksi?
http://ravimaailma.fi/raviurheilu/suomalaisia-menestyjia/101/,Suomalaisia menestyjiä
http://ravimaailma.fi/raviurheilu/nuorisotoiminta/104/,Nuorisotoiminta
http://ravimaailma.fi/raviurheilu/tilastot/116/,Tilastot
http://ravimaailma.fi/raviurheilu/ravikilpailusaannot/109/,Ravikilpailusäännöt
http://ravimaailma.fi/article/kesaravit/kesaravit-ovat-taalla/11876/,
http://ravimaailma.fi/article/kesaravit/kesaravit-ovat-taalla/11876/,
http://ravimaailma.fi/article/uutinen/auta-meita-kehittamaan-ravitapahtumia-osallistut-samalla-huippupalkintojen-arvontaan/9520/,
http://ravimaailma.fi/article/uutinen/auta-meita-kehittamaan-ravitapahtumia-osallistut-samalla-huippupalkintojen-arvontaan/9520/,Auta meitä kehittämään ravitapahtumia – osallistut samalla raviaiheisten palkintojen arvontaan
http://ravimaailma.fi/article/etusivu/kuningatar-saaga-s-keskiviikkona-66-vermossa/12410/,
http://ravimaailma.fi/article/etusivu/kuningatar-saaga-s-keskiviikkona-66-vermossa/12410/,Kuningatar Saaga S keskiviikkona 6.6. Vermossa 
http://ravimaailma.fi/cg/etusivu/1/,Etusivu
http://ravimaailma.fi/cg/uutinen/2/,Uutinen
http://ravimaailma.fi/cg/vermo/6/,Vermo
http://ravimaailma.fi/article/etusivu/kuningatar-saaga-s-keskiviikkona-66-vermossa/12410/,Rovaniemen Kuninkuusravit – A.V. Marttilan Tammasarja –kilpailu on edennyt toiselle etapille. Keskiviikkona on vuorossa mailin matka. Toukokuussa ajettiin 2100. Heinäkuussa sarja huipentuu 3100 metrin matkalla ajettavaan lähtöön.
http://ravimaailma.fi/article/etusivu/kuningatar-saaga-s-keskiviikkona-66-vermossa/12410/,Lue lisää
http://ravimaailma.fi/article/tulokset/forssa-1-6-2018-tulokset/12425/,
http://ravimaailma.fi/article/tulokset/forssa-1-6-2018-tulokset/12425/,Forssa 1.6.2018 tulokset
http://ravimaailma.fi/cg/forssa/7/,Forssa
http://ravimaailma.fi/cg/tulokset/20/,Tulokset
http://ravimaailma.fi/article/tulokset/forssa-1-6-2018-tulokset/12425/,Lue lisää
http://ravimaailma.fi/article/etusivu/kuningatar-saaga-s-keskiviikkona-66-vermossa/12410/#,
http://ravimaailma.fi/article/etusivu/kuningatar-saaga-s-keskiviikkona-66-vermossa/12410/,Kuningatar Saaga S keskiviikkona 6.6. Vermossa 
http://ravimaailma.fi/cg/etusivu/1/,Etusivu
http://ravimaailma.fi/cg/uutinen/2/,Uutinen
http://ravimaailma.fi/cg/vermo/6/,Vermo
http://ravimaailma.fi/article/etusivu/kuningatar-saaga-s-keskiviikkona-66-vermossa/12410/,Rovaniemen Kuninkuusravit – A.V. Marttilan Tammasarja –kilpailu on edennyt toiselle etapille. Keskiviikkona on vuorossa mailin matka. Toukokuussa ajettiin 2100. Heinäkuussa sarja huipentuu 3100 metrin matkalla ajettavaan lähtöön.
http://ravimaailma.fi/article/etusivu/kuningatar-saaga-s-keskiviikkona-66-vermossa/12410/,Lue lisää
http://ravimaailma.fi/article/uutinen/perjantain-kesailta-forssan-terassilla/12407/#,
http://ravimaailma.fi/article/uutinen/perjantain-kesailta-forssan-terassilla/12407/,Perjantain kesäilta Forssan terassilla
http://ravimaailma.fi/cg/uutinen/2/,Uutinen
http://ravimaailma.fi/cg/forssa/7/,Forssa
http://ravimaailma.fi/article/uutinen/perjantain-kesailta-forssan-terassilla/12407/,'Suomen kesä on arvaamaton, mutta tänään perjantai-iltana Forssan pisimmällä terassilla on lämmin kesätunnelma. Ravit, mikä mainio tekosyy parille huurteiselle hiukopaloja unohtamatta. Ja koska Suomen kesä on arvaamaton, toista näin hyvää tilaisuutta ei välttämättä tule.'
http://ravimaailma.fi/article/uutinen/perjantain-kesailta-forssan-terassilla/12407/,Lue lisää
http://ravimaailma.fi/article/oulu/maanantaina-46-toto5-pelin-paluu-aimarautiolla/12390/,
http://ravimaailma.fi/article/oulu/maanantaina-46-toto5-pelin-paluu-aimarautiolla/12390/,Maanantaina 4.6. Toto5-pelin paluu! Äimärautiolla.
http://ravimaailma.fi/cg/oulu/15/,Oulu
http://ravimaailma.fi/cg/uutinen/2/,Uutinen
http://ravimaailma.fi/cg/ennakko/3/,Ennakko
http://ravimaailma.fi/article/oulu/maanantaina-46-toto5-pelin-paluu-aimarautiolla/12390/,Maanantaina 4.6. klo 18.00 jatkuu kiivas alkukesän ravitarjonta Oulun Äimärautiolla. Oulun OP-perheravit tarjoaa uusvanhan pelimuodon Toto5-pelin paluun arki-iltojen pääpeliksi.
http://ravimaailma.fi/article/oulu/maanantaina-46-toto5-pelin-paluu-aimarautiolla/12390/,Lue lisää
http://ravimaailma.fi/article/etusivu/kajaanissa-ajetaan-sunnuntaina-kovatasoinen-kainuu-ajo-seka-lamminveristen-maili-rataennatyskokeena/12377/,
http://ravimaailma.fi/article/etusivu/kajaanissa-ajetaan-sunnuntaina-kovatasoinen-kainuu-ajo-seka-lamminveristen-maili-rataennatyskokeena/12377/,Kajaanissa ajetaan sunnuntaina kovatasoinen Kainuu-Ajo sekä lämminveristen maili rataennätyskokeena
http://ravimaailma.fi/cg/etusivu/1/,Etusivu
http://ravimaailma.fi/cg/uutinen/2/,Uutinen
http://ravimaailma.fi/cg/kajaani/47/,Kajaani
http://ravimaailma.fi/article/etusivu/kajaanissa-ajetaan-sunnuntaina-kovatasoinen-kainuu-ajo-seka-lamminveristen-maili-rataennatyskokeena/12377/,Kajaanissa ajetaan sunnuntaina Toto76-kierros. Kainuu-Ajossa pääpalkinto on 10 000€. Lämminveristen avoin maili tavoittelee rataennätyksen rikkomista. Ravit alkavat klo 14.
http://ravimaailma.fi/article/etusivu/kajaanissa-ajetaan-sunnuntaina-kovatasoinen-kainuu-ajo-seka-lamminveristen-maili-rataennatyskokeena/12377/,Lue lisää
http://ravimaailma.fi/article/uutiset/porissa-launtaina-angeliquen-muistoajo-ja-biofarm-cup-finaali/12372/,
http://ravimaailma.fi/article/uutiset/porissa-launtaina-angeliquen-muistoajo-ja-biofarm-cup-finaali/12372/,Porissa lauantaina Angeliquen muistoajo ja Biofarm Cup-finaali
http://ravimaailma.fi/cg/uutiset/58/,uutiset
http://ravimaailma.fi/cg/etusivu/1/,Etusivu
http://ravimaailma.fi/cg/uutinen/2/,Uutinen
http://ravimaailma.fi/article/uutiset/porissa-launtaina-angeliquen-muistoajo-ja-biofarm-cup-finaali/12372/,'Porissa ravataan lauantaina 2. kesäkuuta klo 14 alkaen Angeliquen muistoajo & Astora-Rakennus Oy -ravit. Kyseessä on Toto76-kierros, jonka huipentaa lämminveristen tammojen Angeliquen muistoajon lisäksi 4-vuotiaiden suomenhevosten Biofarm Cupin finaali. Kokonaisuudessaan päivä sisältää 11 hienoa toto-lähtöä.'
http://ravimaailma.fi/article/uutiset/porissa-launtaina-angeliquen-muistoajo-ja-biofarm-cup-finaali/12372/,Lue lisää
http://ravimaailma.fi/article/etusivu/derbyn-tammasuosikki-vermossa-ke-305-klo-18/12369/,
http://ravimaailma.fi/article/etusivu/derbyn-tammasuosikki-vermossa-ke-305-klo-18/12369/,Derbyn Tammasuosikki Vermossa ke 30.5. klo 18
http://ravimaailma.fi/cg/etusivu/1/,Etusivu
http://ravimaailma.fi/cg/uutinen/2/,Uutinen
http://ravimaailma.fi/cg/vermo/6/,Vermo
http://ravimaailma.fi/article/etusivu/derbyn-tammasuosikki-vermossa-ke-305-klo-18/12369/,'3vihjaajien tipsit keskiviikon Toto65-kierrokselle. Vihjaajina Juha Keskimaunu, Tuomo Pekonen ja Ilkka Nisula. Lehtien vihjaajien varmana päätöskohteen Daddy Boy.'
http://ravimaailma.fi/article/etusivu/derbyn-tammasuosikki-vermossa-ke-305-klo-18/12369/,Lue lisää
http://ravimaailma.fi/article/uutinen/huusarin-talli-isossa-osassa-loviisan-kauden-avauksessa/12337/,
http://ravimaailma.fi/article/uutinen/huusarin-talli-isossa-osassa-loviisan-kauden-avauksessa/12337/,Huusarin talli isossa osassa Loviisan kauden avauksessa
http://ravimaailma.fi/cg/uutinen/2/,Uutinen
http://ravimaailma.fi/cg/kesaradat/49/,Kesaradat
http://ravimaailma.fi/cg/kesaravit/54/,kesäravit
http://ravimaailma.fi/article/uutinen/huusarin-talli-isossa-osassa-loviisan-kauden-avauksessa/12337/,'Etelä-Suomen perinteisiin kesäratoihin kuuluva Loviisa aloittaa ravikautensa maanantaina 28.5. Loviisan ravit ovat aina vetäneet paljon katsojia paitsi lähialueelta, myös Helsingin seudulta.'
http://ravimaailma.fi/article/uutinen/huusarin-talli-isossa-osassa-loviisan-kauden-avauksessa/12337/,Lue lisää
http://ravimaailma.fi/article/etusivu/raviliigan-markkinointi-myynti-viestinta-hallinnointi-wisella/4357/,
http://ravimaailma.fi/article/etusivu/raviliigan-markkinointi-myynti-viestinta-hallinnointi-wisella/4357/,'Raviliigan markkinointi, myynti, viestintä ja hallinnointi Wise-järjestelmällä'
http://ravimaailma.fi/article/etusivu/raviliigan-markkinointi-myynti-viestinta-hallinnointi-wisella/4357/,'​Wise-järjestelmään on personoitu urheiluliiketoiminnassa tarvittavat ominaisuudet. Tuotekehitystä on tehty yhdessä Ässien, Jukureiden, Sportin, SaiPan, KalPan ja Hippoksen kanssa, jotka käyttävät Wise-järjestelmää.'
http://ravimaailma.fi/article/etusivu/raviliigan-markkinointi-myynti-viestinta-hallinnointi-wisella/4357/,Lue lisää
http://ilmatieteenlaitos.fi/saa/,'
                                        Säätietoihin 
                                        
'
http://ravimaailma.fi/article/tulokset/forssa-1-6-2018-tulokset/12425/,Forssa 1.6.2018 tulokset 
http://ravimaailma.fi/article/tulokset/kuopio-1-6-2018-tulokset/12413/,Kuopio 1.6.2018 tulokset 
http://ravimaailma.fi/article/etusivu/kuningatar-saaga-s-keskiviikkona-66-vermossa/12410/,Kuningatar Saaga S keskiviikkona 6.6. Vermossa  
http://ravimaailma.fi/article/uutinen/perjantain-kesailta-forssan-terassilla/12407/,Perjantain kesäilta Forssan terassilla 
http://ravimaailma.fi/article/forssa/vihjeet-ja-tallikommentit-pe-16-forssa/12406/,'Vihjeet ja tallikommentit, pe 1.6. Forssa '
https://www.facebook.com/Suomen-Hippos-ry-301528176550277/,Ravimaailma
https://twitter.com/HCAssatPori,
https://twitter.com/raviurheilu,
https://wisenetwork.fi/fi-fi/article/etusivu/ravimaailmafiraviliiga-wise-jarjestelmalla/626/,
https://facebook.com/ravimaailma,facebook.com/ravimaailma
https://instagram.com/ravimaailma,instagram.com/ravimaailma
https://twitter.com/ravimaailma,twitter.com/ravimaailma
http://www.wisenetwork.fi,WiseNetwork Oy
